Date,Translated Text,Script Generated Text,Target Text,Ukrainian Text
11/9/2025,"⚡️ 34 ENEMY UAVs SHOT DOWN/SUPPRESSED
➖➖➖➖➖➖➖➖➖➖
On the night of November 9 (from 6:00 p.m. on November 8), the enemy attacked with 69 Shahed and Gerber strike UAVs and other types of drones from the directions of Kursk, Millerovo, Orel, Primorsko-Akhtarsk, Russia, about 50 of which were Shaheds.

The air attack was repelled by aviation, anti-aircraft missile forces, electronic warfare and unmanned systems units, and mobile fire groups of the Ukrainian Defense Forces.

💥 According to preliminary data, as of 09:00, air defense forces shot down/suppressed 34 enemy Shahed, Gerbera, and other types of drones in the north and east of the country.

There were 32 strikes by attack UAVs at nine locations, as well as the fall of downed UAVs (debris) at one location.

The attack continues, with several enemy UAVs in the airspace. Follow the safety rules!

✊ Let's keep the sky safe!
🇺🇦 Together – to victory!","The Ukrainian Air Force reported that Russian forces launched NULL drones.
The Ukrainian Air Force reported that Russian forces also launched NULL Shahed-type, Gerbera-type, and other drones – of which roughly 50 were Shahed-type drones – from NULL.
The Ukrainian Air Force reported that Ukrainian air defense downed NULL drones.","Russian forces conducted a series of drone strikes against Ukraine on the night of November 8 to 9. The Ukrainian Air Force reported that Russian forces launched 69 Shahed-type, Gerbera-type, and other drones – including roughly 50 Shahed-type drones – from the directions of Kursk and Oryol cities; Millerovo, Rostov Oblast; and Primorsko-Akhtarsk, Krasnodar Krai.lxxxii The Ukrainian Air Force reported that Ukrainian forces downed 34 drones and that 32 drones struck nine locations. Ukrainian officials reported that Russian forces struck civilian and energy infrastructure in Chernihiv, Dnipropetrovsk, Odesa, and Sumy oblasts.lxxxiii "," ЗБИТО/ПОДАВЛЕНО 34 ВОРОЖІ БПЛА
➖➖➖➖➖➖➖➖➖➖
У ніч на 09 листопада (з 18:00 08 листопада) противник атакував 69 ударними БпЛА типу Shahed, Гербера і безпілотниками інших типів із напрямків: Курськ, Міллєрово, Орел, Приморсько-Ахтарськ - рф, близько 50 із них – ""шахеди"".

Повітряний напад відбивали авіація, зенітні ракетні війська, підрозділи РЕБ та безпілотних систем, мобільні вогневі групи Сил оборони України.

💥 За попередніми даними, станом на 09:00, протиповітряною обороною збито/подавлено 34 ворожі БпЛА типу Shahed, Гербера і дронів інших типів на півночі та сході країни.

Зафіксовано влучання 32 ударних БпЛА на 9 локаціях, а також падіння збитих (уламки) на одній локації.

Атака триває, в повітряному просторі декілька ворожих БпЛА. Дотримуйтесь правил безпеки!

✊ Тримаймо небо!
🇺🇦 Разом – до перемоги!"
11/8/2025,"⚡️ 415 ENEMY TARGETS DESTROYED/SUPPressed
➖➖➖➖➖➖➖➖➖➖
On the night of November 8 (starting at 6:30 p.m. on November 7), the enemy launched a combined strike on critical infrastructure in Ukraine using strike UAVs and air-, ground-, and sea-based missiles. 

In total, the Air Force's radio-technical troops detected and tracked 503 air attack weapons – 45 missiles (including 32 ballistic missiles) and 458 UAVs of various types (about 300 of them were Shahed UAVs):

- 458 Shahed and Gerber strike UAVs (other types of drones) from the directions of Kursk, Millerovo, Orel, Primorsko-Akhtarsk – RF, Gvardeyskoye – TOT AR Crimea);
-  25 Iskander-M/KN-23 ballistic missiles (from Kursk, Voronezh, and Rostov regions – Russian Federation);
-  10 Iskander-K cruise missiles (from Kursk and Voronezh regions – Russian Federation);
- 7 Kh-47M2 ""Kinzhal"" aeroballistic missiles (from Tambov region – Russian Federation);
- 3 ""Kalibr"" cruise missiles (from the Black Sea).

❗️ The main targets of the attack were the Kyiv, Dnipropetrovsk, and Poltava regions.

The air attack was repelled by aviation, anti-aircraft missile forces, electronic warfare and unmanned systems units, and mobile fire groups of the Ukrainian Defense Forces.
 
💥According to preliminary data, as of 10:00 a.m., air defense forces shot down/suppressed 415 air targets:

- 406 Shahed and Gerbera strike UAVs (other types of drones);
- 9 missiles of various types.

Currently, 26 missiles and 52 strike UAVs have been recorded hitting 25 locations, and debris from downed missiles has been recorded falling in 4 locations in various regions of Ukraine.
In addition, as of 10:00 a.m., information regarding the fall/hits of 10 enemy missiles is being verified.

✊ Let's keep the sky safe!
🇺🇦 Together – to victory!","The Ukrainian Air Force reported that Russian forces launched 503 drones and missiles, including 25 Iskander-M/KN-23 ballistic missiles from Kursk, Voronezh, and Rostov oblasts; 10 Iskander-K cruise missiles from Kursk and Voronezh oblasts; seven Kh-47M2 Kinzhal aeroballistic missiles from Tambov Oblast; and three Kalibr missiles from the Black Sea.
The Ukrainian Air Force reported that Russian forces also launched 458 Shahed-type, Gerbera-type, and other drones – of which roughly 300 were Shahed-type drones – from the directions of Kursk, Millerovo, Orel, Primorsko-Akhtarsk Gvardeyskoye.
The Ukrainian Air Force reported that Ukrainian air defense downed 406 drones and nine missiles, and 26 missiles and 52 drones struck 25.","The Ukrainian Air Force reported that Russian forces launched 503 drones and missiles, including 25 Iskander-M/KN-23 ballistic missiles from Kursk, Voronezh, and Rostov oblasts; 10 Iskander-K cruise missiles from Kursk and Voronezh Oblast; seven Kh-47M2 Kinzhal aeroballistic missiles from Tambov Oblast; and three Kalibr missiles from the Black Sea.viii The Ukrainian Air Force reported that Russian forces also launched 458 Shahed-type, Gerbera-type, and other drones – of which roughly 300 were Shahed-type drones – from the directions of Kursk and Oryol cities; Millerovo, Rostov Oblast; Primorsko-Akhtarsk, Krasnodar Krai; and occupied Hvardiiske, Crimea. The Ukrainian Air Force reported that Ukrainian air defense downed 406 drones and nine missiles, 26 missiles and 52 drones struck 25 locations, and downed debris fell on four locations. "," ЗБИТО/ПОДАВЛЕНО 415 ЦІЛЕЙ ПРОТИВНИКА
➖➖➖➖➖➖➖➖➖➖
У ніч на 08 листопада (з 18.30 07 листопада) противник завдав комбінованого удару по об'єктах критичної інфраструктури України із застосуванням ударних БпЛА, ракет повітряного, наземного та морського базування.

Загалом радіотехнічними військами Повітряних Сил виявлено та здійснено супровід 503 засобів повітряного нападу – 45 ракет (із них – 32 «балістика») та 458 БпЛА різних типів (близько 300 – «шахеди»):

- 458 ударних БпЛА типу Shahed, Гербера (безпілотники інших типів) із напрямків Курськ, Міллерово, Орел, Приморсько-Ахтарськ – рф, Гвардійське – ТОТ АР Крим);
- 25 балістичних ракет Іскандер-М/KN-23 (із Курської, Воронезької, Ростовської обл. – рф);
- 10 крилатих ракет Іскандер-К (із Курської, Воронезької обл. – рф);
- 7 аеробалістичних ракет Х-47М2 ""Кинджал"" (із Тамбовської обл. – рф);
- 3 крилатих ракети ""Калібр"" (із акваторії Чорного моря).

❗️ Основні напрямки удару – Київщина, Дніпропетровщина та Полтавщина.

Повітряний напад відбивали авіація, зенітні ракетні війська, підрозділи РЕБ та безпілотних систем, мобільні вогневі групи Сил оборони України.

💥За попередніми даними, станом на 10.00, протиповітряною обороною збито/подавлено 415 повітряних цілей:

- 406 ударних БпЛА типу Shahed, Гербера (безпілотники інших типів);
- 9 ракет різних типів.

Наразі зафіксовано влучання 26 ракет та 52 ударних БпЛА на 25 локаціях та падіння збитих (уламки) на 4 локаціях в різних регіонах України.
Крім того, станом на 10.00, інформація щодо падіння/влучання 10 ворожих ракет уточнюється.

✊ Тримаймо небо!
🇺🇦 Разом – до перемоги!"
11/7/2025,"⚡️94 ENEMY UAVs SHOT DOWN/SUPPRESSED
➖➖➖➖➖➖➖➖➖➖
On the night of November 7 (from 8:00 p.m. on November 6), the enemy attacked with 128 Shahed and Gerber strike UAVs and other types of drones from the directions of Kursk, Orel, Millerovo,  Primorsko-Akhtarsk – RF, Chauda – TOT Crimea,  about 80 of them were Shahed.

The air attack was repelled by aviation, anti-aircraft missile forces, electronic warfare and unmanned systems units, and mobile fire groups of the Ukrainian Defense Forces.

💥According to preliminary data, as of 09:00, air defense forces shot down/suppressed 94 enemy Shahed and Gerbera UAVs and other types of drones in the north, south, and east of the country.

31 strike UAVs were recorded hitting 11 locations.

The attack continues, with several enemy UAVs in the airspace. Follow the safety rules!

✊ Let's keep the sky safe!
🇺🇦 Together – to victory.","The Ukrainian Air Force reported that Russian forces launched NULL drones.
The Ukrainian Air Force reported that Russian forces also launched NULL Shahed-type, Gerbera-type, and other drones – of which roughly 80 were Shahed-type drones – from NULL.
The Ukrainian Air Force reported that Ukrainian air defense downed NULL drones.","Russian forces conducted a series of drone strikes against Ukraine overnight on November 5 to 6. The Ukrainian Air Force reported on November 6 that Russian forces launched 128 Shahed-type, Gerbera-type, and other drones, including roughly 80 Shahed-type drones, from the directions of Kursk and Oryol cities; Millerovo, Rostov Oblast; Primorsko-Akhtarsk, Krasnodar Krai; and occupied Cape Chauda Crimea.cvi The Ukrainian Air Force reported that Ukrainian forces downed 94 drones and that 31 drones struck 11 unspecified locations. ","ЗБИТО/ПОДАВЛЕНО 94 ВОРОЖІ БПЛА
➖➖➖➖➖➖➖➖➖➖
У ніч на 07 листопада (з 20:00 06 листопада) противник атакував 128-ма ударними БпЛА типу Shahed, Гербера і безпілотниками інших типів із напрямків: Курськ, Орел, Міллєрово, Приморсько-Ахтарськ – рф, Чауда – ТОТ Крим, близько 80 із них – ""шахеди"".

Повітряний напад відбивали авіація, зенітні ракетні війська, підрозділи РЕБ та безпілотних систем, мобільні вогневі групи Сил оборони України.

💥За попередніми даними, станом на 09:00, протиповітряною обороною збито/подавлено 94 ворожі БпЛА типу Shahed, Гербера і дронів інших типів на півночі, півдні та сході країни.

Зафіксовано влучання 31 ударного БпЛА на 11 локаціях.

Атака триває, в повітряному просторі декілька ворожих БпЛА. Дотримуйтесь правил безпеки!

✊ Тримаймо небо!
🇺🇦 Разом – до перемоги."
11/6/2025,"⚡️108 ENEMY UAVs SHOT DOWN/SUPPRESSED
➖➖➖➖➖➖➖➖➖➖
On the night of November 6 (from 7:00 p.m. on November 5), the enemy attacked with 135 Shahed and Gerber strike UAVs and other types of drones from the directions of Kursk, Orel, Millerovo,  Primorsko-Akhtarsk, Shatalovo– RF,  about 90 of them were Shaheds.

The air attack was repelled by aviation, anti-aircraft missile forces, electronic warfare and unmanned systems units, and mobile fire groups of the Ukrainian Defense Forces.

💥According to preliminary data, as of 09:00, air defense forces shot down/suppressed 108 enemy Shahed and Gerbera UAVs and other types of drones in the north, south, and east of the country.

Twenty-seven strike UAVs were recorded hitting 13 locations.

✊ Let's keep the sky safe!
 
🇺🇦 Together – to victory.","The Ukrainian Air Force reported that Russian forces launched NULL drones.
The Ukrainian Air Force reported that Russian forces also launched NULL Shahed-type, Gerbera-type, and other drones – of which roughly 90 were Shahed-type drones – from NULL.
The Ukrainian Air Force reported that Ukrainian air defense downed NULL drones.","Russian forces conducted a series of drone strikes against Ukraine overnight on November 5 to 6. The Ukrainian Air Force reported on November 6 that Russian forces launched 135 Shahed-type, Gerbera-type, and other drones, including roughly 90 Shahed-type drones, from the directions of Kursk and Oryol cities; Millerovo, Rostov Oblast; Shatalovo, Smolensk Oblast; and Primorsko-Akhtarsk, Krasnodar Krai.cxx The Ukrainian Air Force reported that Ukrainian forces downed 108 drones and that 27 drones struck 13 locations. ","ЗБИТО/ПОДАВЛЕНО 108 ВОРОЖИХ БПЛА
➖➖➖➖➖➖➖➖➖➖
У ніч на 06 листопада (з 19:00 05 листопада) противник атакував 135-ма ударними БпЛА типу Shahed, Гербера і безпілотниками інших типів із напрямків: Курськ, Орел, Міллєрово, Приморсько-Ахтарськ, Шаталово– рф, близько 90 із них – ""шахеди"".

Повітряний напад відбивали авіація, зенітні ракетні війська, підрозділи РЕБ та безпілотних систем, мобільні вогневі групи Сил оборони України.

💥За попередніми даними, станом на 09:00, протиповітряною обороною збито/подавлено 108 ворожих БпЛА типу Shahed, Гербера і дронів інших типів на півночі, півдні та сході країни.

Зафіксовано влучання 27 ударних БпЛА на 13 локаціях.

✊ Тримаймо небо!

🇺🇦 Разом – до перемоги."
11/5/2025,"⚡️ 61 ENEMY UAVs SHOT DOWN/SUPPRESSED
➖➖➖➖➖➖➖➖➖➖
On the night of November 5 (from 7:00 p.m. on November 4), the enemy attacked with 80 Shahed and Gerber strike UAVs and other types of drones from the following directions: Kursk, Orel, Millerovo, Primorsko-Akhtarsk, Russia, about 50 of them were Shaheds.

The air attack was repelled by aviation, anti-aircraft missile forces, electronic warfare and unmanned systems units, and mobile fire groups of the Ukrainian Defense Forces.

💥 According to preliminary data, as of 09:00, air defense forces shot down/suppressed 61 enemy Shahed and Gerbera UAVs and other types of drones in the north, south, and east of the country.

Eighteen strike UAVs were recorded hitting seven locations, and debris from downed UAVs was recorded at two locations.

The attack continues, with several enemy UAVs in the airspace. Follow safety rules!

✊ Let's keep the sky safe!
🇺🇦 Together – to victory!","The Ukrainian Air Force reported that Russian forces launched NULL drones.
The Ukrainian Air Force reported that Russian forces also launched NULL Shahed-type, Gerbera-type, and other drones – of which roughly 50 were Shahed-type drones – from NULL.
The Ukrainian Air Force reported that Ukrainian air defense downed NULL drones.","Russian forces conducted a series of drone strikes against Ukraine overnight on November 4 to 5. The Ukrainian Air Force reported that Russian forces launched 80 Shahed-type and Gerbera-type drones, including roughly 50 Shahed-type drones, from the directions of Kursk and Oryol cities; Millerovo, Rostov Oblast; and Primorsko-Akhtarsk, Krasnodar Krai.cx The Ukrainian Air Force reported that Ukrainian forces downed 61 drones and that 18 drones struck seven locations."," ЗБИТО/ПОДАВЛЕНО 61 ВОРОЖИЙ БПЛА
➖➖➖➖➖➖➖➖➖➖
У ніч на 05 листопада (з 19:00 04 листопада) противник атакував 80-ма ударними БпЛА типу Shahed, Гербера і безпілотниками інших типів із напрямків: Курськ, Орел, Міллєрово Приморсько-Ахтарськ – рф, близько 50 із них – ""шахеди"".

Повітряний напад відбивали авіація, зенітні ракетні війська, підрозділи РЕБ та безпілотних систем, мобільні вогневі групи Сил оборони України.

💥 За попередніми даними, станом на 09:00, протиповітряною обороною збито/подавлено 61 ворожий БпЛА типу Shahed, Гербера і дронів інших типів на півночі, півдні та сході країни.

Зафіксовано влучання 18 ударних БпЛА на 7 локаціях, а також падіння збитих (уламки) на 2 локаціях.

Атака триває, в повітряному просторі декілька ворожих БпЛА. Дотримуйтесь правил безпеки!

✊ Тримаймо небо!
🇺🇦 Разом – до перемоги"
11/4/2025,"⚡️92 ENEMY TARGETS DESTROYED/SUPPRESSED
➖➖➖➖➖➖➖➖➖➖
On the night of November 4 (from 8:00 p.m. on November 3), the enemy attacked with one Iskander-M ballistic missile from the Rostov region, six S-300 anti-aircraft guided missiles from the Kursk region, as well as 130 Shahed-type strike UAVs, Gerbera, and other types of drones from the directions of Kursk, Orel, Primorsko-Akhtarsk – RF, Chauda – TOT AR Crimea, about 80 of them – ""Shaheds.""

The air attack was repelled by aviation, anti-aircraft missile forces, electronic warfare and unmanned systems units, and mobile fire groups of the Ukrainian Defense Forces.

💥According to preliminary data, as of 09:00, air defense forces shot down/suppressed 92 enemy Shahed and Gerbera UAVs and other types of drones in the north, south, and east of the country.

Missile strikes and 31 strike UAVs were recorded in 14 locations.
The attack continues, with several enemy UAVs in the airspace. Follow the safety rules!

✊ Let's keep the sky safe!
🇺🇦 Together – to victory.","The Ukrainian Air Force reported that Russian forces launched 130 drones.
The Ukrainian Air Force reported that Russian forces also launched 130 Shahed-type, Gerbera-type, and other drones from NULL.
The Ukrainian Air Force reported that Ukrainian air defense downed NULL drones.","Russian forces launched a series of drone and missile strikes against Ukraine overnight on November 3 to 4. The Ukrainian Air Force reported that Russian forces launched one Iskander-M ballistic missile from Rostov Oblast and six S-300 anti-aircraft guided missiles from Kursk Oblast.cxlvi The Ukrainian Air Force reported that Russian forces also launched 130 Shahed-type, Gerbera-type, and other strike drones, including about 80 Shaheds, from the directions of Kursk and Oryol cities; Primorsko-Akhtarsk, Krasnodar Krai; and occupied Cape Chauda, Crimea. The Ukrainian Air Force reported that Ukrainian forces downed 92 drones and that one missile and 31 drones struck 14 locations in Ukraine. ","ЗБИТО/ПОДАВЛЕНО 92 ЦІЛІ ПРОТИВНИКА
➖➖➖➖➖➖➖➖➖➖
У ніч на 04 листопада (з 20:00 03 листопада) противник атакував однією балістичною ракетою Іскандер-М із Ростовської обл., шістьма зенітними керованими ракетами С-300 із Курської обл., а також 130-ма ударними БпЛА типу Shahed, Гербера і безпілотниками інших типів із напрямків: Курськ, Орел, Приморсько-Ахтарськ – рф, Чауда – ТОТ АР Крим, близько 80 із них – ""шахеди"".

Повітряний напад відбивали авіація, зенітні ракетні війська, підрозділи РЕБ та безпілотних систем, мобільні вогневі групи Сил оборони України.

💥За попередніми даними, станом на 09:00, протиповітряною обороною збито/подавлено 92 ворожі БпЛА типу Shahed, Гербера і дронів інших типів на півночі, півдні та сході країни.

Зафіксовано влучання ракет та 31 ударного БпЛА на 14 локаціях.
Атака триває, в повітряному просторі декілька ворожих БпЛА. Дотримуйтесь правил безпеки!

✊ Тримаймо небо!
🇺🇦 Разом – до перемоги."
11/3/2025,"116 ENEMY TARGETS DESTROYED/SUPPressed
➖➖➖➖➖➖➖➖➖➖
On the night of November 3 (from 7:00 p.m. on November 2), the enemy attacked with three Kh-47M2 ""Kinzhal"" aeroballistic missiles from the airspace of the Lipetsk region, four Iskander-M ballistic missiles from the Crimean Autonomous Republic, five S-300/S-400 anti-aircraft guided missiles from the Kursk region, as well as 138 Shahed and Gerber strike UAVs and other types of drones from the following directions: Kursk, Millerovo, Orel, Primorsko-Akhtarsk – RF, about 80 of them – ""Shaheds.""

The air attack was repelled by aviation, anti-aircraft missile forces, electronic warfare and unmanned systems units, and mobile fire groups of the Ukrainian Defense Forces.

💥 According to preliminary data, as of 08:30, air defense forces shot down/suppressed one Kh-47M2 ""Kinzhal"" aeroballistic missile and 115 enemy UAVs of the Shahed, Gerber, and other types in the north, south, and east of the country.

Missile strikes and 20 strike UAVs were recorded in 11 locations.

The attack continues, with several enemy UAVs in the airspace. Follow the safety rules!

✊ Let's keep the sky!
🇺🇦 Together – to victory","The Ukrainian Air Force reported that Russian forces launched two drones and missiles, including two Kh-47M2 Kinzhal aeroballistic missiles from NULL.
The Ukrainian Air Force reported that Russian forces also launched NULL Shahed-type, Gerbera-type, and other drones from NULL.
The Ukrainian Air Force reported that Ukrainian air defense downed NULL drones.","Russian forces launched a series of drone and missile strikes against Ukraine overnight on November 2 to 3. The Ukrainian Air Force reported on November 3 that Russian forces launched three Kh-47M2 Kinzhal aeroballistic missiles from the airspace over Lipetsk Oblast; four Iskander-M ballistic missiles from occupied Crimea; and five S-300/S-400 anti-aircraft guided missiles from Kursk Oblast.cii The Ukrainian Air Force reported that Russian forces also launched 138 Shahed-type, Gerbera-type, and other strike drones, including about 80 Shaheds, from the directions of Kursk and Oryol cities; Millerovo, Rostov Oblast; and Primorsko-Akhtarsk, Krasnodar Krai. The Ukrainian Air Force reported that Ukrainian forces downed one Kinzhal missile and 115 drones. The Ukrainian Air Force reported that an unspecified number of missiles and 20 drones struck 11 locations in Ukraine.","
⚡️ ЗБИТО/ПОДАВЛЕНО 116 ЦІЛЕЙ ПРОТИВНИКА
➖➖➖➖➖➖➖➖➖➖
У ніч на 03 листопада (з 19:00 02 листопада) противник атакував трьома аеробалістичними ракетами Х-47М2 «Кинджал» із повітряного простору Липецької обл., чотирма балістичними ракетами Іскандер-М із ТОТ АР Крим, п’ятьма зенітними керованими ракетами С-300/С-400 із Курської обл., а також 138 ударними БпЛА типу Shahed, Гербера і безпілотниками інших типів із напрямків: Курськ, Міллєрово, Орел, Приморсько-Ахтарськ – рф, близько 80 із них – ""шахеди"".

Повітряний напад відбивали авіація, зенітні ракетні війська, підрозділи РЕБ та безпілотних систем, мобільні вогневі групи Сил оборони України.

💥 За попередніми даними, станом на 08:30, протиповітряною обороною збито/подавлено одну аеробалістичну ракету Х-47М2 «Кинджал» та 115 ворожих БпЛА типу Shahed, Гербера і дронів інших типів на півночі, півдні та сході країни.

Зафіксовано влучання ракет та 20 ударних БпЛА на 11 локаціях.

Атака триває, в повітряному просторі декілька ворожих БпЛА. Дотримуйтесь правил безпеки!

✊ Тримаймо небо!
🇺🇦 Разом – до перемоги"
11/2/2025,"⚡️ 67 ENEMY UAVs SHOT DOWN/SUPPRESSED
➖➖➖➖➖➖➖➖➖➖
On the night of November 2 (from 7:00 p.m. on November 1), the enemy attacked with two Iskander-M ballistic missiles from the Bryansk region, 79 Shahed and Gerber strike UAVs, and other types of drones from the following directions: Kursk, Millerovo, Orel, Primorsko-Akhtarsk – RF, about 50 of them – ""Shaheds.""

The air attack was repelled by aviation, anti-aircraft missile forces, electronic warfare and unmanned systems units, and mobile fire groups of the Ukrainian Defense Forces.

💥 According to preliminary data, as of 09:00, air defense forces shot down/suppressed 67 enemy Shahed and Gerber UAVs and other types of drones in the north, south, and east of the country.

One ballistic missile and 12 strike UAVs were recorded hitting six locations, and debris from downed UAVs was recorded falling in two locations.

The attack continues, with several enemy UAVs in the airspace. Follow the safety rules!

✊ Let's keep the sky safe!
🇺🇦 Together – to victory","The Ukrainian Air Force reported that Russian forces launched NULL drones.
The Ukrainian Air Force reported that Russian forces also launched NULL Shahed-type, Gerbera-type, and other drones from NULL.
The Ukrainian Air Force reported that Ukrainian air defense downed NULL drones.","Russian forces conducted a series of missile and drone strikes against Ukraine overnight on November 1 to November 2. The Ukrainian Air Force reported on November 2 that Russian forces launched two Iskander-M ballistic missiles from Bryansk Oblast and 79 Shahed-type, Gerbera-type, and other types of strike drones – including about 50 Shahed-type drones – from the directions of Kursk and Oryol cities; Millerovo, Rostov Oblast; and Primorsko-Akhtarsk, Krasnodar Krai.lxxv The Ukrainian Air Force reported that Ukrainian forces downed 67 Russian drones and that one Iskander-M ballistic missile and 12 drones struck six locations. ","
⚡️ ЗБИТО/ПОДАВЛЕНО 67 ВОРОЖИХ БПЛА
➖➖➖➖➖➖➖➖➖➖
У ніч на 02 листопада (з 19:00 01 листопада) противник атакував двома балістичними ракетами Іскандер-М із Брянської обл., 79 ударними БпЛА типу Shahed, Гербера і безпілотниками інших типів із напрямків: Курськ, Міллєрово, Орел, Приморсько-Ахтарськ – рф, близько 50 із них – ""шахеди"".

Повітряний напад відбивали авіація, зенітні ракетні війська, підрозділи РЕБ та безпілотних систем, мобільні вогневі групи Сил оборони України.

💥 За попередніми даними, станом на 09:00, протиповітряною обороною збито/подавлено 67 ворожих БпЛА типу Shahed, Гербера і дронів інших типів на півночі, півдні та сході країни.

Зафіксовано влучання однієї балістичної ракети та 12 ударних БпЛА на 6 локаціях, а також падіння збитих (уламки) на 2 локаціях.

Атака триває, в повітряному просторі декілька ворожих БпЛА. Дотримуйтесь правил безпеки!

✊ Тримаймо небо!
🇺🇦 Разом – до перемоги"
